{
  "name": "bootstrap-table",
  "version": "1.13.4",
  "title": "Bootstrap Table",
  "description": "An extended Bootstrap table with radio, checkbox, sort, pagination, and other added features.",
  "author": {
    "name": "zhixin wen",
    "email": "wenzhixin2010@gmail.com",
    "url": "http://wenzhixin.net.cn/"
  },
  "licenses": [
    {
      "type": "MIT License",
      "url": "http://opensource.org/licenses/MIT"
    }
  ],
  "dependencies": {
    "jquery": ">=1.7"
  },
  "keywords": [
    "bootstrap.table"
  ],
  "homepage": "https://github.com/wenzhixin/bootstrap-table",
  "demo": "http://examples.bootstrap-table.com",
  "bugs": {
    "url": "https://github.com/wenzhixin/bootstrap-table/issues"
  },
  "docs": "https://github.com/wenzhixin/bootstrap-table",
  "download": "https://github.com/wenzhixin/bootstrap-table/archive/master.zip"
}
